<?xml version="1.0" encoding="UTF-8"?>
<project-private xmlns="http://www.netbeans.org/ns/project-private/1">
    <editor-bookmarks xmlns="http://www.netbeans.org/ns/editor-bookmarks/2" lastBookmarkId="0"/>
    <open-files xmlns="http://www.netbeans.org/ns/projectui-open-files/2">
        <group>
            <file>file:/C:/Users/jjmg0/Desktop/diseño%20de%20software/taller%20refactoring%202/TalllerRefactoring/src/modelos/InformacionAdicionalProfesor.java</file>
            <file>file:/C:/Users/jjmg0/Desktop/diseño%20de%20software/taller%20refactoring%202/TalllerRefactoring/src/modelos/Profesor.java</file>
            <file>file:/C:/Users/jjmg0/Desktop/diseño%20de%20software/taller%20refactoring%202/TalllerRefactoring/src/modelos/Paralelo.java</file>
            <file>file:/C:/Users/jjmg0/Desktop/diseño%20de%20software/taller%20refactoring%202/TalllerRefactoring/src/modelos/Estudiante.java</file>
            <file>file:/C:/Users/jjmg0/Desktop/diseño%20de%20software/taller%20refactoring%202/TalllerRefactoring/src/modelos/Ayudante.java</file>
            <file>file:/C:/Users/jjmg0/Desktop/diseño%20de%20software/taller%20refactoring%202/TalllerRefactoring/src/modelos/Calificaciones.java</file>
        </group>
    </open-files>
</project-private>
